国家,年份,自变量,城镇人口（占总人口比例）,人均 GDP（2010年不变价美元）,外国直接投资额（以当前价格计算，百万美元）,第一产业占比,
中非,2018,2253,41.364,378.9952771,17.995,31.24133151,
乍得,2018,49833,23.059,813.3424788,662.207,44.93848264,
赞比亚,2018,270345,43.521,1672.345428,568.95,2.576212813,
乌干达,2018,214767,23.774,710.0819481,1337.128,24.20746636,
突尼斯,2018,11151,68.945,4401.05719,1035.941,10.36898694,
坦桑尼亚,2018,107600,33.776,959.3546887,1104.8,,
索马里,2018,1987,44.971,,409,,
苏丹,2018,50046,34.642,1855.626292,1135.787,31.46866064,
斯威士兰,2018,0,23.799,4773.917382,25.418,8.59027408,
圣多美和普林西比,2018,552,72.803,1297.358572,17.467,11.35355932,
塞舌尔,2018,1591,56.691,14385.30181,123.931,2.028153515,
塞内加尔,2018,114290,47.192,1546.520159,629.312,16.56229004,
塞拉利昂,2018,13611,42.055,472.8254381,599,58.93440965,
尼日利亚,2018,404785,50.344,2396.310914,1997.485,21.19955017,
尼日尔,2018,17158,16.425,403.4852866,460.142,39.20446939,
南非,2018,138142,66.355,7433.615398,5333.999,2.176019651,
纳米比亚,2018,45899,50.032,6044.528433,195.801,7.186571983,
莫桑比克,2018,80422,35.988,591.4392764,2711.125,24.52071989,
摩洛哥,2018,68304,62.453,3361.223789,3640.383,12.26303778,
毛里塔尼亚,2018,18324,53.672,1334.460418,70.755,25.91942552,
毛里求斯,2018,12418,40.793,10578.61732,371.518,2.777069747,
马里,2018,40072,42.356,777.8605975,365.917,38.69836948,
马拉维,2018,8902,16.937,516.7540552,101.615,,
马达加斯加,2018,16740,37.191,490.0973122,349.096,23.83615709,
卢旺达,2018,28805,17.211,824.5188484,398.471,29.03906447,
利比亚,2018,107,80.102,7536.754323,0,0,
利比里亚,2018,19693,51.151,541.2713241,122.2,37.27628676,
莱索托,2018,1168,28.153,1411.676497,39.33,5.997444236,
肯尼亚,2018,435274,27.03,1202.133023,1625.921,34.19467913,
科特迪瓦,2018,85048,50.779,1692.54455,912.856,19.76932173,
科摩罗,2018,2924,28.965,1401.372199,7.886,32.6425071,
喀麦隆,2018,125210,56.374,1500.703897,701.744,14.42317087,
津巴布韦,2018,32033,32.209,1322.344063,744.637,12.08194913,
加蓬,2018,16104,89.37,9042.459867,845.753,5.43757844,
加纳,2018,113176,56.06,1807.063539,2989,18.2715344,
几内亚(比绍),2018,287,43.36,622.0798254,17.34,47.46060773,
几内亚,2018,81987,36.14,896.8280428,482.707,24.26149592,
吉布提,2018,30147,77.777,,265,1.432740836,
刚果(金),2018,182015,44.46,418.7386231,1493.875,19.11033837,
刚果(布),2018,47705,66.916,2651.700719,4313.144,7.121338547,
冈比亚,2018,3717,61.27,786.3732473,29.147,19.86609551,
佛得角,2018,2744,65.732,3759.553249,99.566,5.264375694,
厄立特里亚,2018,4023,,,61.015,,
多哥,2018,22518,41.702,676.8521955,101.981,23.41866647,
赤道几内亚,2018,54294,72.143,10134.6283,395.884,2.218930539,
布隆迪,2018,4078,13.032,210.8042258,0.984,29.01190049,
布基纳法索,2018,4045,29.358,712.0360878,480.002,28.02908993,
博茨瓦纳,2018,25956,69.446,8031.013803,228.718,1.99839373,
贝宁,2018,14370,47.312,1211.316563,207.511,28.08726564,
安哥拉,2018,454319,65.514,3229.61974,-5732.491,0,
埃塞俄比亚,2018,400179,20.763,570.3056768,3310.3,31.19343113,
埃及,2018,204560,42.704,2907.317585,6797.6,11.22500113,
阿尔及利亚,2018,752146,72.629,4764.375636,1506.317,11.97930806,
中非,2017,1981,40.98,370.7471073,6.872,32.79017123,
乍得,2017,62785,22.858,816.7373633,334.997,48.61308641,
赞比亚,2017,230749,42.976,1658.823207,1107.5,4.024295808,
乌干达,2017,217429,23.196,694.2895341,802.642,24.58067698,
突尼斯,2017,21896,68.642,4343.923642,880.786,9.6921344,
坦桑尼亚,2017,102586,33.053,937.3014916,937.7,28.74208607,
索马里,2017,1527,44.391,,384,,
苏丹,2017,82125,34.37,1945.709596,1065.298,30.45323833,
斯威士兰,2017,0,23.625,4711.692633,-55.968,8.342972804,
圣多美和普林西比,2017,122,71.968,1287.809351,41.026,12.08037291,
塞舌尔,2017,1044,56.261,14014.86814,191.9,1.907347968,
塞内加尔,2017,94765,46.74,1489.372031,586.84,16.03819599,
塞拉利昂,2017,9193,41.636,466.9450694,128.883,60.28354504,
尼日利亚,2017,310383,49.519,2412.367125,3503,20.84657143,
尼日尔,2017,17150,16.35,393.6620996,337.874,39.65242827,
南非,2017,56880,65.85,7476.386324,2006.858,2.361236373,
纳米比亚,2017,69667,49.005,6193.216396,461.222,6.95491094,
莫桑比克,2017,110875,35.455,588.741022,2293.1,25.04368115,
摩洛哥,2017,37649,61.908,3305.41922,2686.03,12.35894827,
毛里塔尼亚,2017,22821,52.824,1324.990989,587.244,23.87847248,
毛里求斯,2017,11720,40.841,10199.47936,442.948,3.095793754,
马里,2017,38323,41.572,764.1691571,561.817,38.33941881,
马拉维,2017,8771,16.714,512.6456123,90.2,26.09692424,
马达加斯加,2017,13270,36.522,481.3830835,389.059,24.55013777,
卢旺达,2017,19627,17.125,779.5190461,356.437,30.94559595,
利比亚,2017,5118,79.817,7085.530659,0,0,
利比里亚,2017,22136,50.697,548.0105383,247.84,37.09428374,
莱索托,2017,1441,27.73,1407.004209,43.103,6.117689723,
肯尼亚,2017,372919,26.562,1157.052488,1275.354,34.82873746,
科特迪瓦,2017,97663,50.326,1616.169362,972.607,21.5757093,
科摩罗,2017,1457,28.784,1385.56964,3.91,31.89888687,
喀麦隆,2017,189239,55.777,1480.287885,814.002,14.37221482,
津巴布韦,2017,30591,32.237,1263.321322,349.42,9.663427853,
加蓬,2017,47548,88.976,9203.993561,1498.038,5.265764844,
加纳,2017,108511,55.407,1738.251931,3255,19.69615516,
几内亚(比绍),2017,669,42.945,614.4394299,15.652,49.15780779,
几内亚,2017,61500,35.793,869.0337862,577.4,20.52847253,
吉布提,2017,36605,77.648,,165.001,1.44987379,
刚果(金),2017,149954,43.88,408.9247934,1340.204,19.7026975,
刚果(布),2017,74754,66.459,2693.4285,4406.044,6.398304298,
冈比亚,2017,1010,60.599,760.1247057,17.73,21.00189469,
佛得角,2017,1694,65.261,3619.621022,111.116,6.738689905,
厄立特里亚,2017,12239,,,55.468,,
多哥,2017,25729,41.162,661.1481259,88.341,23.61714306,
赤道几内亚,2017,102500,71.646,11225.37253,304.074,2.315463397,
布隆迪,2017,2704,12.706,214.1392462,0.316,28.54664701,
布基纳法索,2017,27,28.743,685.8839367,2.566,28.3349849,
博茨瓦纳,2017,25281,68.7,7859.436483,177.114,1.98985636,
贝宁,2017,8110,46.768,1166.760575,200.406,28.48901653,
安哥拉,2017,669326,64.839,3409.929285,-7397.295,10.01699586,
埃塞俄比亚,2017,552174,20.31,548.1174956,4017.1,33.78355394,
埃及,2017,154179,42.705,2817.320226,7408.7,11.4852853,
阿尔及利亚,2017,784898,72.052,4793.866702,1232.319,11.94618805,
中非,2016,1073,40.618,359.2495719,7.251,31.91899149,
乍得,2016,96547,22.677,868.2116954,244.516,46.12580311,
赞比亚,2016,179045,42.438,1652.284458,662.9,6.228470416,
乌干达,2016,188990,22.624,694.009088,625.7,23.65434519,
突尼斯,2016,13586,68.346,4314.953355,884.997,9.391694815,
坦桑尼亚,2016,152409,32.333,904.3818923,864,27.44414257,
索马里,2016,3003,43.816,,334,,
苏丹,2016,146050,34.121,1911.025651,1063.768,31.19998686,
斯威士兰,2016,34,23.459,4662.820673,21.115,8.902101684,
圣多美和普林西比,2016,244,71.092,1263.374506,22.15,11.67442616,
塞舌尔,2016,2500,55.831,13598.33635,155.236,2.009641688,
塞内加尔,2016,60022,46.296,1430.362395,472.089,14.4149813,
塞拉利昂,2016,12683,41.228,457.8330917,137.966,58.20874133,
尼日利亚,2016,261276,48.683,2456.306188,4448.73,20.98310971,
尼日尔,2016,43483,16.29,389.9855591,301.128,38.78420862,
南非,2016,42091,65.341,7476.621012,2235.001,2.22405748,
纳米比亚,2016,69828,47.961,6365.499832,353.606,6.109919299,
莫桑比克,2016,133231,34.926,584.2111079,3093.4,22.85457446,
摩洛哥,2016,76666,61.36,3212.815395,2157.149,11.99669571,
毛里塔尼亚,2016,14098,51.962,1322.238137,271.198,24.08613771,
毛里求斯,2016,11051,40.91,9833.613132,378.764,3.187929111,
马里,2016,29981,40.783,747.0916565,356.235,38.36770117,
马拉维,2016,8306,16.506,506.2496613,115.7,25.92704341,
马达加斯加,2016,5935,35.856,475.7454692,450.626,25.13345436,
卢旺达,2016,15777,17.056,754.2357159,342.253,29.30950995,
利比亚,2016,3205,79.54,5669.733946,0,0,
利比里亚,2016,24981,50.254,548.2681436,453.18,37.2421843,
莱索托,2016,7579,27.317,1451.178913,47.636,5.89133751,
肯尼亚,2016,454772,26.105,1129.713196,681.323,31.07233103,
科特迪瓦,2016,63977,49.881,1539.315802,577.479,22.42625277,
科摩罗,2016,1757,28.619,1365.34274,3.568,31.36847203,
喀麦隆,2016,151751,55.179,1467.760752,663.789,14.54303727,
津巴布韦,2016,44363,32.296,1224.309922,371.811,7.873985821,
加蓬,2016,69496,88.559,9419.856712,1241.13,4.97313691,
加纳,2016,114846,54.749,1643.448744,3485.3,20.97689131,
几内亚比绍共和国,2016,1631,42.533,594.9783587,23.982,46.34835901,
几内亚,2016,38617,35.46,809.9709354,1618.4,17.58994666,
吉布提,2016,84088,77.528,,159.999,1.308776632,
刚果（金）,2016,117896,43.307,407.2896431,1204.709,18.59975364,
刚果（布）,2016,216928,66.001,2851.975419,1610.524,7.242272409,
冈比亚,2016,519,59.918,747.0027351,-27.7,21.86137936,
佛得角,2016,806,64.784,3532.140211,127.235,7.995741096,
厄立特里亚,2016,10191,,,52.305,,
多哥,2016,14424,40.628,649.445939,-46.277,24.12673293,
赤道几内亚,2016,118268,71.138,12358.30404,53.962,2.332239209,
布隆迪,2016,6297,12.388,219.9614978,0.055,31.54433409,
布基纳法索,2016,77,28.134,663.8474288,390.357,30.59006826,
博茨瓦纳,2016,30017,67.933,7797.144122,122.163,2.049745788,
贝宁,2016,9291,46.229,1134.924536,131.701,27.7536355,
安哥拉,2016,433194,64.149,3530.309423,-179.518,9.831168609,
埃塞俄比亚,2016,470603,19.866,514.0573068,3988.953,34.6988796,
埃及,2016,228114,42.732,2761.386198,8106.8,11.76931597,
阿尔及利亚,2016,843421,71.459,4830.116707,1637.04,12.22016044,
中非,2015,486,40.277,346.3559074,3,31.52738103,
乍得,2015,71585,22.515,955.7273254,559.642,50.3955823,
赞比亚,2015,178981,41.907,1641.005482,1304.9,4.98082954,
乌干达,2015,155063,22.06,686.9827784,737.65,23.9815828,
突尼斯,2015,11067,68.056,4308.415596,1002.738,10.28278728,
坦桑尼亚,2015,141471,31.617,871.9983686,1560.8,26.74588573,
索马里,2015,224,43.245,,303,,
苏丹,2015,154873,33.894,1869.552756,1728.373,31.41855828,
斯威士兰,2015,12487,23.3,4645.877776,41.32,9.321798364,
圣多美和普林西比,2015,127,70.174,1235.850943,28.58,12.22863394,
塞舌尔,2015,3517,55.4,13187.61195,194.546,2.045977369,
塞内加尔,2015,50037,45.862,1383.167206,409.002,14.28245168,
塞拉利昂,2015,7928,40.829,441.1376641,252.436,58.6518937,
尼日利亚,2015,348142,47.838,2563.148864,3064.17,20.63189348,
尼日尔,2015,63689,16.247,386.3045326,529.266,36.33233588,
南非,2015,45177,64.828,7556.788579,1729.377,2.088751184,
纳米比亚,2015,76642,46.9,6412.098826,933.285,5.903916221,
莫桑比克,2015,118750,34.4,579.0880694,3866.832,22.9161876,
摩洛哥,2015,113109,60.809,3222.054178,3254.799,12.62806822,
毛里塔尼亚,2015,28413,51.089,1335.917749,502.074,24.6901665,
毛里求斯,2015,19824,41,9476.665389,216.455,3.153993847,
马里,2015,23462,39.991,727.4610779,275.415,37.72325199,
马拉维,2015,9232,16.313,507.548405,509.679,27.48122386,
马达加斯加,2015,7484,35.193,469.9423432,435.824,25.74335433,
卢旺达,2015,21251,17.004,730.4316868,379.805,28.00753826,
利比亚,2015,17380,79.27,5899.899647,0,0,
利比里亚,2015,19873,49.82,571.4531295,626.96,34.37069562,
莱索托,2015,12610,26.908,1416.839726,40.542,4.969513764,
肯尼亚,2015,384569,25.658,1093.13417,619.724,30.19240945,
科特迪瓦,2015,63005,49.444,1462.283986,494.21,22.73562326,
科摩罗,2015,2225,28.47,1352.343112,4.935,30.59862821,
喀麦隆,2015,141350,54.578,1440.3788,627.442,14.77247235,
津巴布韦,2015,45789,32.385,1234.103352,421,8.284246903,
加蓬,2015,56413,88.118,9512.009052,990.786,4.311629044,
加纳,2015,140598,54.086,1624.769623,3192.3,20.24717549,
几内亚比绍共和国,2015,3245,42.123,574.4917006,18.576,46.78812527,
几内亚,2015,48642,35.141,750.470659,53.3,18.47824205,
吉布提,2015,107188,77.417,,123.998,1.187077392,
刚果（金）,2015,,42.74,411.0205731,1673.5,18.3703885,
刚果（布）,2015,297587,65.543,3009.600686,3803.3,7.243495885,
冈比亚,2015,734,59.228,754.9924337,12.5,22.20888602,
佛得角,2015,2458,64.3,3414.557984,115.783,8.737394762,
厄立特里亚,2015,36614,,,49.323,,
多哥,2015,21176,40.1,630.9372503,257.757,24.37400299,
赤道几内亚,2015,136854,70.616,14093.81249,233.325,1.888390876,
布隆迪,2015,7146,12.078,228.4325442,7.361,30.68083011,
布基纳法索,2015,320,27.53,645.3698606,231.808,30.27166607,
博茨瓦纳,2015,31504,67.155,7613.69841,378.554,2.201055274,
贝宁,2015,9159,45.695,1128.99638,149.695,26.39208509,
安哥拉,2015,495275,63.446,3748.320623,10028.215,9.122534471,
埃塞俄比亚,2015,589402,19.428,482.6390663,2626.52,36.05697539,
埃及,2015,201777,42.785,2703.742092,6925.2,11.39408323,
阿尔及利亚,2015,824061,70.848,4777.347657,-584.46,11.57868913,
中非2014,2014,297,39.959,334.1145508,3.475,33.98562172,
乍得,2014,111247,22.372,960.44092,-675.546,50.64757656,
赞比亚,2014,203020,41.382,1644.10679,1488.7,6.779609272,
乌干达,2014,111751,21.504,676.3376331,1058.565,25.0743798,
突尼斯,2014,11717,67.772,4302.486544,1063.805,9.153358544,
坦桑尼亚,2014,206965,30.904,846.3868415,1416.1,25.80257745,
索马里,2014,49,42.679,,261,,
苏丹,2014,181811,33.689,1825.541037,1251.281,31.85123541,
斯威士兰,2014,0,23.149,4578.28857,25.533,9.235634116,
圣多美和普林西比,2014,102,69.213,1213.164082,27.1,11.65955435,
塞舌尔,2014,7511,54.969,12850.4932,229.96,2.369696687,
塞内加尔,2014,35526,45.436,1337.40669,402.562,13.36879795,
塞拉利昂,2014,17881,40.432,567.834267,375.09,51.79252867,
尼日利亚,2014,453165,46.982,2563.899969,4693.83,19.99025477,
尼日尔,2014,88152,16.219,384.9006562,821.872,36.70579346,
南非,2014,39980,64.312,7582.696929,5770.659,2.174706761,
纳米比亚,2014,36489,45.826,6154.488886,441.174,6.689280673,
莫桑比克,2014,81471,33.878,558.2093443,4901.79,23.93493466,
摩洛哥,2014,60700,60.256,3125.079481,3561.241,11.6606655,
毛里塔尼亚,2014,29174,50.203,1369.187945,501.038,21.9065478,
毛里求斯,2014,15105,41.111,9163.633473,455.562,3.259178395,
马里,2014,34099,39.196,706.981554,144.023,37.456764,
马拉维,2014,9016,16.132,507.537975,387.105,28.70269876,
马达加斯加,2014,13812,34.534,468.1130008,313.682,25.84538293,
卢旺达,2014,23564,16.967,688.2121987,458.9,28.75457721,
利比亚,2014,15616,79.009,6530.856715,0,0,
利比里亚,2014,20577,49.397,586.2293608,276.7,35.76752545,
莱索托,2014,13011,26.502,1389.875532,65.809,5.621144991,
肯尼亚,2014,169556,25.221,1060.095016,820.938,27.45094081,
科特迪瓦,2014,35319,49.014,1377.796563,438.773,21.05143674,
科摩罗,2014,3640,28.338,1369.176631,4.679,30.01153359,
喀麦隆,2014,123886,53.976,1400.387017,726.548,14.22619681,
津巴布韦,2014,30581,32.504,1232.864865,544.8,8.745304229,
加蓬,2014,77985,87.651,9467.363786,1047.703,3.62120477,
加纳,2014,153439,53.419,1626.622783,3356.99,19.99969979,
几内亚(比绍),2014,2326,41.715,555.6050487,28.853,41.13234659,
几内亚,2014,60925,34.836,741.0381352,77.06,17.52381638,
吉布提,2014,36871,77.314,,152.998,1.22656246,
刚果(金),2014,144968,42.18,397.3416705,1843.173,18.56251731,
刚果(布),2014,253189,65.085,3005.736912,1659.45,4.834284371,
冈比亚,2014,496,58.528,747.7087319,35.6,22.45883917,
佛得角,2014,4424,63.81,3422.748802,180.433,8.015767498,
厄立特里亚,2014,12010,,,46.511,,
多哥,2014,25395,39.579,612.1489724,53.948,25.6848698,
赤道几内亚,2014,207670,70.083,16146.07243,167.875,1.294248772,
布隆迪,2014,6789,11.776,245.3267387,47.061,34.95819234,
布基纳法索,2014,2585,26.934,639.7080956,355.93,31.36401132,
博茨瓦纳,2014,29025,66.368,7864.253281,515.184,2.087683863,
贝宁,2014,25616,45.166,1140.447754,405.198,25.61845297,
安哥拉,2014,639843,62.731,3843.198241,3657.515,7.547056779,
埃塞俄比亚,2014,683203,18.998,449.4203771,1855.05,38.52044969,
埃及,2014,92402,42.839,2648.294169,4612,11.33770892,
阿尔及利亚,2014,633429,70.221,4702.0917,1506.73,10.28644397,
中非,2013,313,39.663,335.0622829,1.853,32.25890625,
乍得,2013,114983,22.248,928.5631895,520.201,50.04519248,
赞比亚,2013,249050,40.865,1620.154036,2099.8,8.226563713,
乌干达,2013,44209,20.958,665.4167275,1096,25.47995235,
突尼斯,2013,13286,67.495,4220.389835,1116.542,8.890252195,
坦桑尼亚,2013,170976,30.196,817.1226341,2087.3,26.79086792,
索马里,2013,,42.117,,258,,
苏丹,2013,198435,33.507,1821.310172,1687.884,33.7625756,
斯威士兰,2013,0,22.999,4571.012762,84.671,10.11543445,
圣多美和普林西比,2013,126,68.208,1160.163314,12.16,12.33342495,
塞舌尔,2013,6985,54.537,12489.31492,170.25,2.667339015,
塞内加尔,2013,20290,45.019,1290.156421,311.278,13.69093736,
塞拉利昂,2013,17018,40.036,555.2055624,429.664,47.98330898,
尼日利亚,2013,427352,46.118,2476.863878,5608.45,20.75862283,
尼日尔,2013,50777,16.208,372.1858668,719.134,35.80097605,
南非,2013,39544,63.793,7563.992777,8300.104,2.097756311,
纳米比亚,2013,22153,44.756,5890.353116,769.865,6.344460829,
莫桑比克,2013,78628,33.36,534.506343,6175.125,23.50395072,
摩洛哥,2013,36252,59.7,3087.123497,3298.101,13.38956681,
毛里塔尼亚,2013,22291,49.306,1335.349959,1125.684,17.99607499,
毛里求斯,2013,25242,41.222,8848.887032,293.342,3.375429985,
马里,2013,27783,38.398,679.9097219,307.853,36.73205152,
马拉维,2013,8999,15.966,493.8183695,88.521,28.67364219,
马达加斯加,2013,9522,33.878,465.3887399,551.317,26.49303398,
卢旺达,2013,14396,16.947,664.5676808,257.642,28.89136513,
利比亚,2013,56362,78.756,8649.89841,702,0,
利比里亚,2013,25017,48.985,597.3813897,1061.27,37.2278448,
莱索托,2013,35581,26.101,1361.732905,84.055,5.774814936,
肯尼亚,2013,144740,24.794,1032.277327,1118.825,26.44333406,
科特迪瓦,2013,32876,48.593,1298.544868,407.475,20.97862591,
科摩罗,2013,5188,28.223,1373.36033,4.23,30.78986256,
喀麦隆,2013,114086,53.373,1358.7833,567.239,13.89889921,
津巴布韦,2013,98507,32.654,1225.558112,400,7.144479446,
加蓬,2013,43712,87.156,9409.040682,771.193,3.329080651,
加纳,2013,177127,52.748,1617.466754,3226.33,20.45249595,
几内亚(比绍),2013,3168,41.31,565.0479699,19.64,44.13561101,
几内亚,2013,42618,34.545,731.5588678,133.96,17.54527212,
吉布提,2013,6497,77.222,,286.004,1.194871772,
刚果(金),2013,93993,41.627,375.2191755,2098.249,19.31666763,
刚果(布),2013,187634,64.627,2884.436281,609.441,4.362166032,
冈比亚,2013,313,57.82,781.6818048,25.5,26.22212251,
佛得角,2013,2462,63.317,3445.305377,69.56,8.279068071,
厄立特里亚,2013,11517,,,43.859,,
多哥,2013,18021,39.061,593.1620921,183.547,37.51484194,
赤道几内亚,2013,262767,69.544,16764.42871,582.949,1.19199068,
布隆迪,2013,28122,11.482,242.8459947,7.407,38.3671082,
布基纳法索,2013,39,26.346,631.6102606,490.264,31.66615924,
博茨瓦纳,2013,40502,65.572,7646.414315,67.137,2.298528876,
贝宁,2013,23658,44.642,1102.52743,360.241,25.27540464,
安哥拉,2013,745040,62.002,3796.882622,-7120.017,6.50749254,
埃塞俄比亚,2013,355663,18.575,419.1838603,1343.876,41.23950553,
埃及,2013,102806,42.893,2632.058233,4256,11.2743496,
阿尔及利亚,2013,519762,69.576,4623.017322,1696.867,9.85109233,
中非,2012,6960,39.388,528.1297068,70.035,36.81416647,
乍得,2012,79807,22.142,908.4261224,579.793,54.89981381,
赞比亚,2012,123381,40.354,1591.319994,1731.5,9.321531002,
乌干达,2012,26899,20.424,663.4924025,1205.388,26.08152859,
突尼斯,2012,10989,67.218,4142.494431,1603.186,9.085856748,
坦桑尼亚,2012,114610,29.493,788.4391516,1799.6,26.55092652,
索马里,2012,835,41.558,,107.33,,
苏丹,2012,240345,33.346,1786.997305,2311,33.14337531,
斯威士兰,2012,0,22.849,4431.82376,31.535,10.20307297,
圣多美和普林西比,2012,93,67.16,1128.507361,22.5,11.82763978,
塞舌尔,2012,5421,54.12,11999.95385,261.36,2.044812859,
塞内加尔,2012,24174,44.603,1290.363391,276.175,13.96835532,
塞拉利昂,2012,8490,39.642,470.3014046,722.447,50.59211664,
尼日利亚,2012,499481,45.246,2384.954171,7127.39,21.85995862,
尼日尔,2012,43022,16.212,367.6467616,841.276,38.08173385,
南非,2012,69538,63.272,7500.041067,4558.847,2.169477737,
纳米比亚,2012,17941,43.693,5675.615887,1060.807,8.0544752,
莫桑比克,2012,29505,32.846,513.7390872,5629.41,24.91451109,
摩洛哥,2012,42317,59.142,2995.452357,2728.361,12.3295604,
毛里塔尼亚,2012,27867,48.4,1296.365966,1388.587,17.93135893,
毛里求斯,2012,36887,41.332,8580.085649,589.018,3.657270622,
马里,2012,44287,37.599,684.1629502,397.866,38.11410248,
马拉维,2012,15715,15.812,482.9237812,80.933,28.28892624,
马达加斯加,2012,14414,33.227,467.4358012,777.637,28.00061236,
卢旺达,2012,12384,16.943,650.3673999,254.963,28.850193,
利比亚,2012,5257,78.512,10066.57903,1425,0,
利比里亚,2012,30244,48.583,564.5208442,984.6,38.80205807,
莱索托,2012,10365,25.704,1341.94718,24.411,4.989084955,
肯尼亚,2012,130637,24.376,1000.829217,1380.174,26.1699503,
科特迪瓦,2012,9037,48.172,1222.439376,330.275,22.1902512,
科摩罗,2012,3203,28.123,1346.237353,10.412,30.17296341,
喀麦隆,2012,63406,52.769,1324.637966,739.177,13.72152458,
津巴布韦,2012,38296,32.834,1223.203432,399.5,8.044517527,
加蓬,2012,84052,86.634,9249.85821,-220.874,3.353697777,
加纳,2012,152503,52.073,1542.685183,3293.43,22.13115469,
几内亚(比绍),2012,3459,40.908,561.98665,6.625,46.89249801,
几内亚,2012,31400,34.255,719.6981727,606.47,16.83167319,
吉布提,2012,3760,77.138,,109.998,,
刚果(金),2012,96851,41.082,357.5982959,3312.143,20.44106071,
刚果(布),2012,102858,64.169,2858.08611,-282.835,3.925774106,
冈比亚,2012,197,57.105,783.2666928,41.2,27.39357146,
佛得角,2012,1530,62.821,3461.926651,125.576,8.446544468,
厄立特里亚,2012,3279,,,41.358,,
多哥,2012,14404,38.546,573.9239887,121.519,42.52391813,
赤道几内亚,2012,179449,69,18254.09645,985.256,1.055657092,
布隆迪,2012,4593,11.194,238.8160458,0.605,35.4205377,
布基纳法索,2012,108,25.767,615.0959708,329.301,31.48340396,
博茨瓦纳,2012,74502,64.768,6944.807637,146.494,2.695270104,
贝宁,2012,8766,44.125,1057.66774,281.565,25.76897583,
安哥拉,2012,755642,61.268,3748.449445,-1464.628,6.069630075,
埃塞俄比亚,2012,229168,18.16,389.9389667,278.563,44.33094275,
埃及,2012,96904,42.946,2634.850052,6031,11.27276527,
阿尔及利亚,2012,446553,68.915,4588.071133,1499.45,8.770566136,
中非,2011,12242,39.135,504.7460502,36.908,37.56902278,
乍得,2011,92371,22.054,862.9194279,281.9,51.19620013,
赞比亚,2011,74817,39.851,1525.562575,1108.5,9.647775853,
乌干达,2011,31578,19.898,659.6289584,894.294,25.06252981,
突尼斯,2011,9581,66.938,4022.237688,1147.907,8.534675511,
坦桑尼亚,2011,98119,28.798,777.2272184,1229.38,24.97686445,
索马里,2011,5,41,,102,,
苏丹,2011,273502,33.207,1597.977397,1734.377,24.35917039,
斯威士兰,2011,5,22.7,4233.575227,108.385,9.719884854,
圣多美和普林西比,2011,36,66.064,1117.136414,32.2,11.64593081,
塞舌尔,2011,2316,53.72,11967.36235,207.356,2.221376932,
塞内加尔,2011,35309,44.188,1262.221043,338.219,12.88347419,
塞拉利昂,2011,7998,39.248,417.6031684,950.478,54.59346587,
尼日利亚,2011,345969,44.366,2350.336824,8914.89,22.23471099,
尼日尔,2011,55891,16.216,341.764755,1065.79,38.31153694,
南非,2011,44594,62.746,7454.720165,4242.866,2.285472538,
纳米比亚,2011,11018,42.637,5497.566509,817.065,8.231879363,
莫桑比克,2011,22824,32.336,492.3430016,3558.544,25.75152927,
摩洛哥,2011,38135,58.581,2948.84549,2568.434,13.11998751,
毛里塔尼亚,2011,26474,47.493,1262.098121,588.75,17.09226338,
毛里求斯,2011,20557,41.444,8313.271254,433.359,3.703647697,
马里,2011,53685,36.799,710.6064193,556.147,34.55863058,
马拉维,2011,16651,15.672,487.7306819,93.274,28.77238042,
马达加斯加,2011,12256,32.58,466.3491788,788.078,29.05020576,
卢旺达,2011,12950,16.938,613.5444681,119.105,27.87512236,
利比亚,2011,80423,78.277,4539.002521,0,0,
利比里亚,2011,7852,48.193,538.116235,785.3,44.30050042,
莱索托,2011,2379,25.31,1274.269059,149.5,5.130735076,
肯尼亚,2011,139053,23.969,982.9808376,1450.474,26.30460466,
科特迪瓦,2011,2651,47.751,1131.444612,301.577,26.69084941,
科摩罗,2011,2410,28.04,1336.433611,23.088,30.56422084,
喀麦隆,2011,33738,52.164,1302.155553,355.4,13.47965227,
津巴布韦,2011,39891,33.015,1066.426265,387,8.665865173,
加蓬,2011,40591,86.092,9127.709968,874.873,3.43228978,
加纳,2011,86269,51.394,1445.360889,3237.39,23.66370497,
几内亚(比绍),2011,1666,40.508,587.140383,25.024,45.02245856,
几内亚,2011,13246,33.966,694.6031345,956.12,16.06974963,
吉布提,2011,3850,77.064,,79,,
刚果(金),2011,78418,40.544,345.2661149,1686.9,20.91707601,
刚果(布),2011,94131,63.712,2825.727121,186.305,3.383113301,
冈比亚,2011,292,56.384,767.1553536,36.1,27.20242061,
佛得角,2011,1531,62.322,3468.667055,154.691,7.84317609,
厄立特里亚,2011,9700,35.771,715.8725423,39,,
多哥,2011,8408,38.032,553.2014555,711.087,29.87507362,
赤道几内亚,2011,180158,67.488,17610.30663,1975,1.053502388,
布隆迪,2011,2456,10.915,235.9887667,3.355,36.704576,
布基纳法索,2011,135,25.196,595.3929889,143.657,30.79102476,
博茨瓦纳,2011,156632,63.865,6728.201954,293.208,2.510917511,
贝宁,2011,4076,43.608,1037.74704,161.091,25.79700083,
安哥拉,2011,634417,60.528,3579.960081,-3023.771,5.845680969,
埃塞俄比亚,2011,180874,17.735,369.2024078,626.51,41.24996386,
埃及,2011,102372,43,2635.191564,-483,13.8691051,
阿尔及利亚,2011,405255,68.236,4524.644811,2580.35,8.110386806,
中非,2010,3663,38.904,487.9453833,61.52,37.3635796,
乍得,2010,147476,21.985,891.6988174,313,51.94562302,
赞比亚,2010,40412,39.355,1489.45907,1729.3,9.420989776,
乌干达,2010,15152,19.383,622.4988457,543.873,26.23553733,
突尼斯,2010,14802,66.657,4141.976353,1512.505,7.53459309,
坦桑尼亚,2010,81153,28.114,743.4037847,1813.25,25.58240689,
索马里,2010,,39.31,,112,,
苏丹,2010,233696,33.089,1489.876911,2063.731,23.31053838,
斯威士兰,2010,0,22.48,4168.505183,119.639,10.15621244,
圣多美和普林西比,2010,25,64.952,1094.710636,50.6,11.62398706,
塞舌尔,2010,3064,53.336,10804.68447,210.816,2.260877403,
塞内加尔,2010,20492,43.773,1278.977754,266.108,15.83761647,
塞拉利昂,2010,3688,38.856,401.8350014,238.437,52.94268026,
尼日利亚,2010,292981,43.48,2292.445156,6098.96,23.89370409,
尼日尔,2010,89407,16.221,347.3430407,940.316,40.89784251,
南非,2010,36690,62.218,7328.615629,3635.596,2.387372914,
纳米比亚,2010,10567,41.616,5324.61704,283.8,8.577791536,
莫桑比克,2010,38760,31.83,471.1816926,2531.662,26.88693128,
摩洛哥,2010,59041,58.018,2839.925168,1573.856,12.94352454,
毛里塔尼亚,2010,18586,46.588,1241.428756,130.528,20.29326604,
毛里求斯,2010,13618,41.555,8000.376432,429.958,3.641742191,
马里,2010,38860,35.999,709.5819646,405.902,33.01683003,
马拉维,2010,11555,15.544,478.6685897,46.089,29.61487225,
马达加斯加,2010,11883,31.938,471.9592116,764.686,29.07809635,
卢旺达,2010,14173,16.934,582.6941191,250.505,27.82120616,
利比亚,2010,344930,78.052,12064.78069,1909,0,
利比里亚,2010,10038,47.813,513.4456986,449.959,44.80003003,
莱索托,2010,1905,24.798,1199.951766,51.32,5.094705614,
肯尼亚,2010,88512,23.571,951.6879611,1197.553,24.82621749,
科特迪瓦,2010,4673,47.33,1211.930338,338.942,24.52942756,
科摩罗,2010,1977,27.973,1315.214806,8.342,30.4160595,
喀麦隆,2010,13308,51.559,1285.261726,-0.551,14.067657,
津巴布韦,2010,13805,33.196,948.3318545,165.9,9.609863269,
加蓬,2010,28583,85.533,8840.730664,521.666,3.914454417,
加纳,2010,77077,50.713,1298.436952,2527.36,28.03873796,
几内亚(比绍),2010,3284,40.111,557.6321326,33.224,45.0880468,
几内亚,2010,12759,33.678,672.4244026,101.35,17.48494873,
吉布提,2010,2060,76.999,1343.26873,36.501,,
刚果(金),2010,62767,40.013,334.0215726,2939.27,21.42849112,
刚果(布),2010,107768,63.256,2809.694957,928.436,3.830407012,
冈比亚,2010,150,55.662,860.6378737,37.115,35.19324349,
佛得角,2010,1061,61.821,3378.25486,158.824,7.989777332,
厄立特里亚,2010,2659,35.175,667.7441778,91,,
多哥,2010,5296,37.533,534.0443668,85.827,28.73929888,
赤道几内亚,2010,174836,65.94,17288.8596,2734,1.061371286,
布隆迪,2010,1435,10.642,234.2356469,0.781,38.43054529,
布基纳法索,2010,389,24.633,575.4464527,34.619,32.54025624,
博茨瓦纳,2010,158497,62.412,6434.815657,218.38,2.488037773,
贝宁,2010,2524,43.093,1036.533952,176.804,25.8411355,
安哥拉,2010,496407,59.783,3587.883798,-3227.211,6.180293181,
埃塞俄比亚,2010,154966,17.319,341.5541149,288.272,41.44682007,
埃及,2010,116881,43.019,2644.817039,6385.6,13.34075916,
阿尔及利亚,2010,494736,67.54,4480.724539,2301.23,8.466901279,
中非,2009,3462,38.694,471.6330754,42.28,38.33386816,
乍得,2009,44511,21.934,811.9192455,374.9,46.54939263,
赞比亚,2009,35361,38.861,1390.331446,694.8,11.55278363,
乌干达,2009,18902,18.878,608.358158,841.571,26.14617558,
突尼斯,2009,5318,66.376,4043.146435,1687.811,8.297260265,
坦桑尼亚,2009,54320,27.439,719.7230784,952.61,26.03519036,
索马里,2009,19,37.645,,108,,
苏丹,2009,207843,32.993,1477.736636,1726.298,24.67041159,
斯威士兰,2009,0,22.262,4044.133029,65.698,9.250385404,
圣多美和普林西比,2009,43,63.823,1052.468467,15.5,11.21047578,
塞舌尔,2009,4384,52.969,10486.18989,171.401,2.256942686,
塞内加尔,2009,14703,43.359,1269.3259,320.033,15.9421075,
塞拉利昂,2009,2664,38.466,390.1310354,110.846,55.26088268,
尼日利亚,2009,200352,42.588,2179.989416,8649.53,26.74885451,
尼日尔,2009,32948,16.225,333.0946392,790.763,39.38968974,
南非,2009,11818,61.687,7216.679693,7502.062,2.713427607,
纳米比亚,2009,14934,40.601,5112.644566,841.183,8.253227706,
莫桑比克,2009,32187,31.328,454.7816762,898.285,27.50960858,
摩洛哥,2009,51100,57.452,2771.046755,1951.707,13.02861922,
毛里塔尼亚,2009,19075,45.686,1220.05796,-3.072,24.11179392,
毛里求斯,2009,7803,41.666,7683.124925,247.843,3.880639987,
马里,2009,26743,35.2,694.7431505,748.347,31.76663847,
马拉维,2009,4847,15.429,460.9246827,194.533,30.42900297,
马达加斯加,2009,15349,31.301,482.3383941,1269.409,30.46514813,
卢旺达,2009,8142,16.93,557.1137823,118.67,28.92147826,
利比亚,2009,191251,77.837,11607.19828,3310,0,
利比里亚,2009,4724,47.445,501.6157348,217.803,58.03574661,
莱索托,2009,4014,24.293,1130.547707,91.27,6.039734637,
肯尼亚,2009,57076,23.183,902.1245459,1491.277,23.36040099,
科特迪瓦,2009,2083,46.91,1216.021571,377.129,21.20021808,
科摩罗,2009,1008,27.921,1298.007347,13.784,30.0330064,
喀麦隆,2009,12211,50.954,1277.35008,668.329,13.65706094,
津巴布韦,2009,6509,33.378,803.2220286,105,10.74255023,
加蓬,2009,19712,84.955,8545.946053,663.999,5.044169793,
加纳,2009,46048,50.031,1233.677561,2897.1,30.99338421,
几内亚(比绍),2009,5607,39.716,546.9470923,17.453,43.99991803,
几内亚,2009,7399,33.391,656.2050439,140.85,16.36061888,
吉布提,2009,6923,76.944,,74.723,,
刚果(金),2009,62974,39.491,322.4182544,663.803,23.6746667,
刚果(布),2009,85864,62.8,2663.576618,1272.939,4.505890479,
冈比亚,2009,121,54.937,837.3348983,39.442,31.73422579,
佛得角,2009,1739,61.016,3370.350236,174.307,8.319046096,
厄立特里亚,2009,3284,34.585,663.9865734,91,14.12422744,
多哥,2009,3886,37.058,517.1011987,48.532,30.9296085,
赤道几内亚,2009,133518,64.358,19868.07076,1636.22,1.058199791,
布隆迪,2009,563,10.376,230.1925985,0.348,36.72136414,
布基纳法索,2009,23,24.079,562.8419726,100.897,32.3929117,
博茨瓦纳,2009,60471,60.937,6029.198631,208.699,2.819081868,
贝宁,2009,2830,42.58,1043.961894,134.286,26.97895538,
安哥拉,2009,486189,59.034,3549.577857,2205.298,6.62119707,
埃塞俄比亚,2009,119583,16.91,312.0338494,221.46,45.88269426,
埃及,2009,79735,43.039,2565.769165,6711.6,12.99794665,
阿尔及利亚,2009,587726,66.826,4403.799997,2753.76,9.342616093,
中非,2008,2404,38.506,440.8666944,117.11,,
乍得,2008,13075,21.901,805.2923385,466.131,54.5898348,
赞比亚,2008,21792,38.371,1309.281649,938.62,11.45399975,
乌干达,2008,15373,18.384,587.9471315,728.861,21.38459856,
突尼斯,2008,5353,66.093,3965.64829,2758.615,7.850502463,
坦桑尼亚,2008,41688,26.776,703.5884945,1383.25,24.76549388,
索马里,2008,10,36.011,,87,,
苏丹,2008,262174,32.919,1469.971772,1653.12,24.50800419,
斯威士兰,2008,0,22.045,4010.342129,105.723,9.999454145,
圣多美和普林西比,2008,116,62.68,1056.096238,79.1,9.863123862,
塞舌尔,2008,3968,52.619,10645.0867,182.105,2.568828031,
塞内加尔,2008,14004,42.947,1277.5266,397.633,14.54474515,
塞拉利昂,2008,2804,38.077,386.653814,57.624,53.65350832,
尼日利亚,2008,161353,41.702,2072.273486,8248.64,25.27975078,
尼日尔,2008,2217,16.229,348.513183,340.427,43.39877595,
南非,2008,24731,61.154,7432.116761,9209.172,2.859484952,
纳米比亚,2008,7484,39.597,5191.480934,720.267,7.630066906,
莫桑比克,2008,10012,30.832,439.6424864,591.599,26.37665398,
摩洛哥,2008,28043,56.886,2691.267812,2487.094,11.95912179,
毛里塔尼亚,2008,5619,44.788,1269.251126,342.771,23.43875136,
毛里求斯,2008,7546,41.777,7456.369246,382.915,4.074876695,
马里,2008,16325,34.403,685.6893854,180.282,33.13234718,
马拉维,2008,895,15.326,437.8954761,123.926,29.97580655,
马达加斯加,2008,21402,30.67,516.709609,1392.701,27.05257205,
卢旺达,2008,4551,16.925,538.5676589,102.29,27.94303035,
利比亚,2008,74118,77.632,11844.92524,3180,1.84947245,
利比里亚,2008,3546,47.088,495.6790151,283.801,65.17456547,
莱索托,2008,3275,23.796,1108.377775,61.764,5.538015811,
肯尼亚,2008,38693,22.8,897.6019306,488.04,22.19634016,
科特迪瓦,2008,1475,46.491,1204.975215,446.147,22.67704581,
科摩罗,2008,476,27.886,1288.421346,4.632,29.13891501,
喀麦隆,2008,6222,50.35,1284.747735,-24.198,13.0957245,
津巴布韦,2008,15888,33.56,725.5759737,51.6,19.02107406,
加蓬,2008,1553,84.359,8818.023912,760.163,4.229842032,
加纳,2008,38806,49.351,1206.990406,1220.42,29.40809676,
几内亚(比绍),2008,3439,39.325,542.6459511,5.143,46.66771695,
几内亚,2008,7150,33.106,679.034406,255.77,15.98000719,
吉布提,2008,1732,76.899,,228.949,,
刚果(金),2008,28029,38.976,324.0403128,1726.843,22.61867976,
刚果(布),2008,62925,62.346,2561.193776,2031.88,3.676959489,
冈比亚,2008,526,54.211,808.7052436,70.102,29.77571152,
佛得角,2008,431,60.194,3455.101767,209.217,7.751864576,
厄立特里亚,2008,3677,34,651.1331109,39,16.77630738,
多哥,2008,2888,36.587,503.4510895,23.883,38.90206949,
赤道几内亚,2008,71239,62.745,20532.95226,-793.872,0.89269612,
布隆迪,2008,1269,10.118,229.1485451,3.833,38.0048233,
布基纳法索,2008,,23.534,563.4471034,105.771,37.00496829,
博茨瓦纳,2008,40518,59.444,6657.832383,520.918,2.526018242,
贝宁,2008,2030,42.069,1049.367869,169.835,26.82615619,
安哥拉,2008,322203,58.282,3652.153498,1678.971,4.805339317,
埃塞俄比亚,2008,98252,16.51,294.8054278,108.538,45.18455837,
埃及,2008,51379,43.058,2497.340222,9494.6,12.63024009,
阿尔及利亚,2008,420227,66.097,4409.738484,2631.71,6.586679947,
中非,2007,1179,38.339,439.7474438,56.75,,
乍得,2007,5117,21.868,807.8438943,-321.655,54.67325498,
赞比亚,2007,22819,37.881,1248.418424,1323.9,12.10559624,
乌干达,2007,18976,17.899,558.1869187,792.306,22.27811368,
突尼斯,2007,3553,65.809,3844.928215,1616.251,8.643354567,
坦桑尼亚,2007,26478,26.121,684.8840491,581.512,23.24548824,
索马里,2007,261,34.404,,141,,
苏丹,2007,220554,32.866,1401.199013,1504.38,25.17637861,
斯威士兰,2007,0,21.829,4005.481528,37.5,10.75417547,
圣多美和普林西比,2007,52,61.52,1004.477619,36,9.764780712,
塞舌尔,2007,2651,52.285,11124.65711,181.628,2.746664742,
塞内加尔,2007,6230,42.535,1261.091466,297.427,11.97996997,
塞拉利昂,2007,1853,37.689,375.6680003,96.578,52.17604718,
尼日利亚,2007,138776,40.819,1993.097411,6086.73,24.66257721,
尼日尔,2007,1306,16.234,330.2686611,129.039,40.96804213,
南非,2007,17387,60.616,7299.020037,6538.062,2.643372701,
纳米比亚,2007,6126,38.598,5150.424494,732.96,8.546890728,
莫桑比克,2007,10100,30.364,421.1796584,398.656,23.82863664,
摩洛哥,2007,30896,56.317,2571.26444,2804.501,10.86312603,
毛里塔尼亚,2007,10198,43.89,1292.437596,139.373,23.61854757,
毛里求斯,2007,6913,41.889,7100.861823,339.053,4.375986928,
马里,2007,20842,33.612,676.6036395,72.794,31.35287468,
马拉维,2007,520,15.235,418.5882186,34.557,27.51127902,
马达加斯加,2007,4875,30.043,498.2329092,740.526,28.06701329,
卢旺达,2007,3763,16.921,497.5936712,82.283,29.97538929,
利比亚,2007,26301,77.437,11699.31432,3850,2.180747484,
利比里亚,2007,1610,46.742,482.1249527,131.6,65.59815004,
莱索托,2007,1700,23.304,1038.50299,84.75,5.284879346,
肯尼亚,2007,26540,22.42,920.6492166,1107.519,20.58666446,
科特迪瓦,2007,2355,46.071,1201.716658,426.777,21.99480637,
科摩罗,2007,1824,27.867,1269.005529,7.682,28.95664626,
喀麦隆,2007,9821,49.746,1276.059915,191.017,13.17893793,
津巴布韦,2007,8664,33.743,890.1804546,68.9,21.19768854,
加蓬,2007,9162,83.742,9404.4083,710.719,4.957830803,
加纳,2007,18938,48.669,1134.697635,855.4,27.29411448,
几内亚(比绍),2007,2518,38.934,538.9854818,18.58,43.17569289,
几内亚,2007,8075,32.822,667.1989563,385.9,16.81970923,
吉布提,2007,1254,76.853,,195.351,,
刚果(金),2007,19172,38.47,315.2638635,1808.033,21.6022053,
刚果(布),2007,22328,61.893,2510.735183,1467.629,4.327298473,
冈比亚,2007,1881,53.481,784.0369193,76.461,23.56619704,
佛得角,2007,262,59.363,3279.078357,190.391,8.517737666,
厄立特里亚,2007,2596,33.017,737.6964689,7.207,24.26598059,
多哥,2007,2679,36.116,497.1229582,49.163,29.13972393,
赤道几内亚,2007,30657,61.1,18261.03607,1242.731,1.372884044,
布隆迪,2007,1105,9.864,225.8590853,0.5,34.93417192,
布基纳法索,2007,14,22.996,541.268695,343.535,29.93549337,
博茨瓦纳,2007,26287,57.928,6400.717568,494.682,2.240732656,
贝宁,2007,1700,41.558,1029.032263,255.244,26.97108697,
安哥拉,2007,115808,57.524,3409.503462,-893.342,5.242278337,
埃塞俄比亚,2007,59712,16.116,273.4921198,222.001,42.26501219,
埃及,2007,39189,43.078,2372.38301,11578.1,13.42012621,
阿尔及利亚,2007,234031,65.348,4377.425591,1743.33,7.570832888,
中非,2006,1753,38.193,428.5388556,34.67,,
乍得,2006,2180,21.834,809.2498849,-278.414,55.77192044,
赞比亚,2006,14851,37.395,1183.363859,615.79,13.20627106,
乌干达,2006,7653,17.425,531.3598917,644.262,24.03493298,
突尼斯,2006,3882,65.524,3639.730695,3307.989,9.280405265,
坦桑尼亚,2006,26142,25.478,659.8043503,403.039,23.66931073,
索马里,2006,12,37.1,,96,,
苏丹,2006,173817,32.813,1291.569295,1841.834,28.11853395,
斯威士兰,2006,0,21.91,3859.652095,121.036,11.18421591,
圣多美和普林西比,2006,29,60.348,1000.617983,38,9.068809263,
塞舌尔,2006,2303,51.969,10126.29048,145.586,2.980658674,
塞内加尔,2006,6250,42.124,1233.92569,220.32,12.93743471,
塞拉利昂,2006,3243,37.303,357.21953,58.768,50.29408713,
尼日利亚,2006,110496,39.943,1919.724203,4897.81,24.73499126,
尼日尔,2006,4118,16.238,332.450482,50.544,42.88051738,
南非,2006,11972,60.077,7017.714904,311.45,2.331412417,
纳米比亚,2006,5720,37.61,4975.023121,386.576,9.845354079,
莫桑比克,2006,12703,30.182,401.9544486,112.601,23.97409617,
摩洛哥,2006,22549,55.746,2512.862411,2449.446,13.60248084,
毛里塔尼亚,2006,5120,42.998,1293.618134,154.602,21.41657683,
毛里求斯,2006,5618,42,6746.886623,105.304,4.906447705,
马里,2006,20025,32.832,675.9505663,83.392,29.79050883,
马拉维,2006,502,15.144,392.7599989,121.623,30.86732465,
马达加斯加,2006,2296,29.425,482.7091164,294.513,25.12616814,
卢旺达,2006,2173,16.917,474.0840159,30.644,33.61033876,
利比亚,2006,22535,77.253,11164.80874,2064,2.220698634,
利比里亚,2006,809,46.396,457.6992121,107.851,63.81802502,
莱索托,2006,1285,22.82,989.1244609,28.056,4.842764809,
肯尼亚,2006,8237,22.045,885.8096325,50.675,20.5196878,
科特迪瓦,2006,1152,45.652,1207.086799,318.864,22.62521288,
科摩罗,2006,1693,27.863,1289.471094,0.826,29.37634063,
喀麦隆,2006,3527,49.143,1250.244179,16.384,13.24024055,
津巴布韦,2006,7530,33.926,931.56854,40,19.23011578,
加蓬,2006,6140,83.107,9134.559689,267.805,4.911200315,
加纳,2006,12590,47.988,1115.849718,636.01,28.94894567,
几内亚(比绍),2006,2291,38.545,534.8222723,17.327,42.26040256,
几内亚,2006,8193,32.539,638.6985704,125,15.58456342,
吉布提,2006,796,76.807,,108.288,,
刚果(金),2006,16293,37.971,306.5282607,256.119,21.21006065,
刚果(布),2006,18543,61.441,2640.318294,553.583,3.960322565,
冈比亚,2006,1075,52.751,784.0232253,82.208,25.60022584,
佛得角,2006,775,58.529,2882.889946,130.649,8.318712135,
厄立特里亚,2006,2131,32.051,746.8417515,15.376,24.5999999,
多哥,2006,568,35.649,516.7803506,77.336,33.64337311,
赤道几内亚,2006,13784,59.431,16591.25221,469.506,1.518255278,
布隆迪,2006,1037,9.617,225.6222104,0.032,40.63768227,
布基纳法索,2006,6,22.339,527.9623877,33.594,33.9587366,
博茨瓦纳,2006,21902,56.4,6038.79181,486.39,2.048364708,
贝宁,2006,602,41.049,999.0200266,53.2,26.63180343,
安哥拉,2006,99478,56.764,3102.650928,-37.715,5.191280189,
埃塞俄比亚,2006,31666,15.899,252.2122882,545.257,42.52417012,
埃及,2006,33752,43.073,2254.510459,10042.8,13.23720253,
阿尔及利亚,2006,168609,64.593,4299.676713,1888.17,7.543019796,
中非,2005,2362,38.069,417.0950002,10.1,,
乍得,2005,1796,21.801,832.7450383,-99.343,53.81412435,
赞比亚,2005,3273,36.911,1126.031936,356.94,14.58855137,
乌干达,2005,5545,16.96,494.9980105,379.808,25.07493613,
突尼斯,2005,6089,65.237,3490.683977,783.087,9.169831148,
坦桑尼亚,2005,21012,24.845,637.0056222,935.521,24.64884108,
索马里,2005,,36.311,,24,,
苏丹,2005,132998,32.76,1206.513668,1617.098,30.59881765,
斯威士兰,2005,0,22.038,3660.929967,-45.854,10.97175652,
圣多美和普林西比,2005,19,59.165,941.5359709,15.7,9.007667806,
塞舌尔,2005,2089,51.67,9450.279434,85.88,3.254551734,
塞内加尔,2005,3307,41.714,1236.006394,44.588,14.61155667,
塞拉利昂,2005,1624,36.919,353.8894185,83.182,49.39145138,
尼日利亚,2005,77435,39.074,1857.925564,4978.26,26.08928283,
尼日尔,2005,1901,16.242,326.2068941,30.294,24.72846723,
南非,2005,7960,59.536,6729.827466,6646.927,2.389623573,
纳米比亚,2005,3244,36.632,4725.474369,385.241,10.58293887,
莫桑比克,2005,9615,29.999,376.8856499,107.853,22.84754705,
摩洛哥,2005,4555,55.174,2363.444676,1653.986,11.81602994,
毛里塔尼亚,2005,3455,42.111,1119.834762,811.869,28.17206637,
毛里求斯,2005,4092,42.112,6463.922791,41.565,4.977944309,
马里,2005,17658,32.06,667.4699804,223.803,32.37848184,
马拉维,2005,360,15.054,385.4608301,99.141,32.91457648,
马达加斯加,2005,2839,28.814,473.2483798,86.02,25.68026195,
卢旺达,2005,949,16.912,437.9826651,7.96,38.38802985,
利比亚,2005,12787,77.08,10642.89657,1038,2.51001098,
利比里亚,2005,85,46.051,438.247567,82.808,66.03272919,
莱索托,2005,1671,22.249,946.0459526,28.98,5.671130405,
肯尼亚,2005,3532,21.675,855.22504,21.212,24.2362747,
科特迪瓦,2005,2592,45.234,1215.001772,311.92,22.59324627,
科摩罗,2005,483,27.875,1286.613106,0.559,29.37627389,
喀麦隆,2005,1726,48.541,1241.869141,234.007,14.08356658,
津巴布韦,2005,8932,34.11,971.266723,102.8,17.14823974,
加蓬,2005,4221,82.452,9665.996803,242.335,4.984638611,
加纳,2005,8246,47.308,1075.865772,144.97,37.45301293,
几内亚(比绍),2005,2561,38.157,535.4409575,7.997,44.35828842,
几内亚,2005,7495,32.257,644.9585578,105,22.28106496,
吉布提,2005,880,76.761,,22.203,,
刚果(金),2005,8271,37.481,300.5624225,266.6,21.57938225,
刚果(布),2005,11371,60.988,2569.279771,585.163,4.544180397,
冈比亚,2005,1392,52.02,812.7663386,53.65,32.09063281,
佛得角,2005,166,57.689,2705.134635,81.554,9.001187323,
厄立特里亚,2005,1854,31.099,778.5755356,1.432,22.60000021,
多哥,2005,1227,35.185,517.0067983,76.992,36.55005838,
赤道几内亚,2005,7319,57.74,16122.87358,769.146,,
布隆迪,2005,238,9.375,221.0963747,0.585,40.84812339,
布基纳法索,2005,50,21.537,511.9675905,34.152,35.29344191,
博茨瓦纳,2005,26384,55.944,5686.780532,421.381,1.828380524,
贝宁,2005,194,40.543,989.372279,53.044,26.6894285,
安哥拉,2005,30402,56,2883.978211,-1303.837,5.060402948,
埃塞俄比亚,2005,18218,15.7,233.9441905,265.112,41.17449856,
埃及,2005,27650,43.027,2147.819811,5375.6,13.9818013,
阿尔及利亚,2005,105043,63.83,4290.459984,1145.34,7.691087014,
中非,2004,1946,37.966,421.5357377,15.1,,
乍得,2004,,21.768,736.1132141,466.793,22.89717623,
赞比亚,2004,10574,36.43,1077.836387,364,15.58094288,
乌干达,2004,3582,16.507,480.5022274,295.416,21.67035264,
突尼斯,2004,4039,64.95,3401.517479,639.116,9.902519658,
坦桑尼亚,2004,8654,24.223,609.6367156,330.6,25.69697633,
索马里,2004,0,35.531,,-4.79,,
苏丹,2004,72565,32.707,1154.171798,1511.07,32.21098703,
斯威士兰,2004,0,22.166,3468.194565,69.585,9.659472387,
圣多美和普林西比,2004,36,57.972,900.5288877,3.5,10.16306618,
塞舌尔,2004,953,51.388,8709.782689,37.447,3.457136596,
塞内加尔,2004,1833,41.306,1200.524135,77.028,13.70323468,
塞拉利昂,2004,2402,36.596,351.8221238,61.153,48.48605626,
尼日利亚,2004,48884,38.212,1791.261545,2127.086,27.2304536,
尼日尔,2004,1132,16.247,324.0162157,20.322,20.11638145,
南非,2004,2289,58.993,6472.107034,798.026,2.763467723,
纳米比亚,2004,2644,35.666,4682.768954,225.847,9.117399496,
莫桑比克,2004,3707,29.818,363.7809785,475.514,22.50830928,
摩洛哥,2004,3760,54.644,2315.186662,894.563,13.16090455,
毛里塔尼亚,2004,3508,41.229,1057.359959,404.102,32.62519064,
毛里求斯,2004,2385,42.223,6388.746469,11.164,5.276181078,
马里,2004,9576,31.3,647.1154938,101.002,30.01550987,
马拉维,2004,529,14.964,383.0941888,58.949,34.71394761,
马达加斯加,2004,1410,28.211,465.9872568,95.192,26.18135242,
卢旺达,2004,1024,16.908,407.7971283,7.7,38.56071904,
利比亚,2004,6667,76.919,9660.948174,357,3.342622913,
利比里亚,2004,890,45.706,427.2111831,75.358,65.04740245,
莱索托,2004,1279,21.689,909.8744302,56.68,5.984006756,
肯尼亚,2004,5271,21.31,829.952875,46.064,24.92904109,
科特迪瓦,2004,1378,44.817,1219.96707,282.98,23.58975972,
科摩罗,2004,181,27.903,1281.276164,0.671,29.37601992,
喀麦隆,2004,1223,47.94,1250.708844,86.122,15.54837008,
津巴布韦,2004,4792,34.294,1034.962988,8.7,18.06379683,
加蓬,2004,2960,81.778,9669.638475,193.729,5.467291043,
加纳,2004,5889,46.63,1041.826227,139.27,37.95242609,
几内亚(比绍),2004,3187,37.772,525.8243731,9.181,41.99168143,
几内亚,2004,7008,31.977,639.0871849,97.9,23.31419591,
吉布提,2004,573,76.716,,38.544,,
刚果(金),2004,2019,37,292.3508371,409.033,23.87935949,
刚果(布),2004,4160,60.533,2460.635305,-8.488,5.509406303,
冈比亚,2004,1154,51.288,858.6002969,55.526,31.50261835,
佛得角,2004,385,56.846,2565.7805,68.033,9.863467719,
厄立特里亚,2004,1617,30.164,788.8556299,24.104,10.6422743,
多哥,2004,450,34.724,556.5826758,59.358,31.11188892,
赤道几内亚,2004,2702,56.033,14437.56814,340.914,,
布隆迪,2004,105,9.139,226.2884716,0.045,41.90260497,
布基纳法索,2004,18,20.757,485.3074043,14.348,31.61584315,
博茨瓦纳,2004,22933,55.488,5542.305427,390.968,2.25958535,
贝宁,2004,567,40.039,1001.8544,63.844,26.52084928,
安哥拉,2004,7935,54.827,2597.456995,2197.228,6.250876536,
埃塞俄比亚,2004,20476,15.504,215.1545622,545.1,38.67975495,
埃及,2004,7381,42.981,2093.34633,2157.4,14.26993612,
阿尔及利亚,2004,80528,63.061,4108.129799,881.85,9.440405913,
中非,2003,1535,37.884,405.7579852,11.3,,
乍得,2003,,21.735,572.0673882,712.663,32.28602338,
赞比亚,2003,2395,35.951,1033.310802,346.62,15.61709962,
乌干达,2003,2032,16.061,464.4362831,202.193,24.50702258,
突尼斯,2003,2429,64.585,3226.646271,583.642,9.291471251,
坦桑尼亚,2003,5865,23.611,583.3144338,308.2,24.9107254,
索马里,2003,12,34.756,,-0.85,,
苏丹,2003,47691,32.654,1142.51007,1349.19,36.61714529,
斯威士兰,2003,0,22.296,3358.306237,-63.888,12.38526317,
圣多美和普林西比,2003,24,56.766,886.4469166,3.4,10.62717515,
塞舌尔,2003,919,51.123,8932.195054,58.426,2.636895547,
塞内加尔,2003,2821,40.898,1162.84757,52.495,15.11242183,
塞拉利昂,2003,2348,36.352,344.8264173,8.615,46.35657463,
尼日利亚,2003,26428,37.356,1682.099989,2171.39,33.82706055,
尼日尔,2003,92,16.251,335.9239598,11.471,39.64724409,
南非,2003,1631,58.446,6266.01574,733.666,3.052348605,
纳米比亚,2003,2046,34.709,4234.549936,148.749,10.4583661,
莫桑比克,2003,2456,29.637,347.1566951,336.698,22.88477807,
摩洛哥,2003,3423,54.317,2235.418678,2314.468,13.92310593,
毛里塔尼亚,2003,3985,40.351,1028.623428,101.958,34.43928959,
毛里求斯,2003,1851,42.335,6162.115607,62.076,5.177446514,
马里,2003,8462,30.547,657.7209174,132.261,29.87662985,
马拉维,2003,1472,14.875,372.5312494,13.262,36.2226653,
马达加斯加,2003,4052,27.936,456.1356409,95.451,26.77054949,
卢旺达,2003,719,16.904,385.0023444,4.7,38.26104302,
利比亚,2003,15503,76.768,9395.765985,143,4.09220702,
利比里亚,2003,,45.361,424.2318628,372.22,72.2403877,
莱索托,2003,2194,21.137,889.2317555,43.937,6.346886124,
肯尼亚,2003,3126,20.948,811.4265584,81.738,25.80443937,
科特迪瓦,2003,692,44.399,1230.518754,165.391,28.78085502,
科摩罗,2003,101,27.947,1287.357701,0.794,29.37612727,
喀麦隆,2003,1124,47.338,1203.246219,336.268,15.90761058,
津巴布韦,2003,4564,34.479,1102.230755,3.8,14.79335521,
加蓬,2003,704,81.083,9849.63882,206.079,6.004020935,
加纳,2003,4100,45.951,1011.397621,110.02,36.5454059,
几内亚(比绍),2003,2677,37.387,523.7309478,3.489,42.34587922,
几内亚,2003,6651,31.698,636.7911717,82.8,20.7799679,
吉布提,2003,823,76.67,,14.225,,
刚果(金),2003,2257,36.526,282.6470668,391.255,26.05383881,
刚果(布),2003,1220,60.076,2450.235319,323.13,6.275223939,
冈比亚,2003,1304,50.555,827.8342329,10.704,26.74829049,
佛得角,2003,45,55.997,2362.961073,33.505,10.14369825,
厄立特里亚,2003,1110,29.244,813.0919343,25,11.82992122,
多哥,2003,415,34.265,576.5428046,33.734,28.3790964,
赤道几内亚,2003,1059,54.307,10923.52864,689.78,,
布隆迪,2003,152,8.908,222.8073211,0,42.8412837,
布基纳法索,2003,19,19.996,478.3043523,29.123,34.36555091,
博茨瓦纳,2003,13336,55.029,5493.144116,418.018,2.722386955,
贝宁,2003,1256,39.536,988.6274816,44.732,24.45398374,
安哥拉,2003,3407,53.645,2423.293995,3576.972,6.198384339,
埃塞俄比亚,2003,18048,15.31,194.8730701,465,37.28505541,
埃及,2003,2374,42.935,2048.221004,237.4,15.28670659,
阿尔及利亚,2003,47176,62.284,3991.013362,637.88,9.810566397,
中非,2002,134,37.802,437.8260091,5.644,,
乍得,2002,,21.702,518.2665657,924.119,37.9029524,
赞比亚,2002,3189,35.475,991.3100208,298.36,15.36142994,
乌干达,2002,1243,15.626,450.2959955,184.648,23.433428,
突尼斯,2002,3430,64.202,3104.840969,820.831,8.29843107,
坦桑尼亚,2002,4108,23.044,562.3184594,387.6,25.16308225,
索马里,2002,23,33.99,,0.14,,
苏丹,2002,43327,32.601,1090.544582,713.18,40.25748449,
斯威士兰,2002,,22.425,3244.738498,96.436,12.5025435,
圣多美和普林西比,2002,26,55.555,848.5136312,3.6,10.89067274,
塞舌尔,2002,799,50.876,9384.152481,47.718,2.885621599,
塞内加尔,2002,2399,40.607,1117.321969,78.053,13.61900679,
塞拉利昂,2002,2052,36.109,330.3959266,10.413,46.21424623,
尼日利亚,2002,14416,36.508,1607.238267,2040.182,36.96508267,
尼日尔,2002,1098,16.255,331.0021521,2.405,39.56901111,
南非,2002,361,57.898,6161.466314,1569.156,3.384390416,
纳米比亚,2002,2326,33.766,4122.858435,181.363,10.26444864,
莫桑比克,2002,2428,29.457,334.478304,347.253,23.05092738,
摩洛哥,2002,2532,53.99,2134.849898,480.691,13.20052173,
毛里塔尼亚,2002,3473,39.48,998.2163368,67.34,32.77899601,
毛里求斯,2002,2204,42.447,5859.659304,32.107,5.191418623,
马里,2002,6254,29.806,621.7357637,243.805,32.71418375,
马拉维,2002,991,14.786,361.0435456,38.719,38.81840596,
马达加斯加,2002,526,27.663,428.2200406,61.11,29.83364873,
卢旺达,2002,1158,16.777,382.5216445,1.5,35.38654461,
利比亚,2002,1478,76.629,8448.1223,145,5.185299093,
利比里亚,2002,,45.017,617.811266,2.8,79.04236246,
莱索托,2002,1270,20.597,845.6427145,28.401,6.395312833,
肯尼亚,2002,3293,20.591,809.9616279,27.618,25.8539676,
科特迪瓦,2002,1127,43.983,1274.125205,212.58,27.27005039,
科摩罗,2002,,27.992,1291.234193,0.43,29.37601242,
喀麦隆,2002,1270,46.738,1181.873653,601.746,16.45167769,
津巴布韦,2002,7382,34.585,1331.013034,25.9,12.56836756,
加蓬,2002,324,80.368,9869.717759,36.963,5.743861639,
加纳,2002,6743,45.275,985.3332569,58.9,35.14837706,
几内亚(比绍),2002,3244,37.004,532.7478589,3.545,41.8319889,
几内亚,2002,5546,31.42,641.1725445,30,21.63161471,
吉布提,2002,268,76.624,,3.432,,
刚果(金),2002,439,36.055,276.0559456,187.599,26.58377932,
刚果(布),2002,400,59.617,2501.344689,136.779,6.261580123,
冈比亚,2002,696,49.683,799.8071395,42.827,24.12493214,
佛得角,2002,16,55.146,2303.971345,38.524,10.35147125,
厄立特里亚,2002,1505,28.341,875.6433058,22.766,13.60181006,
多哥,2002,200,33.809,554.1266114,53.364,33.1543868,
赤道几内亚,2002,1171,52.573,9997.550878,323.392,,
布隆迪,2002,179,8.682,232.4664977,0,43.33361124,
布基纳法索,2002,1,19.258,456.7341349,15.026,35.78034786,
博茨瓦纳,2002,4522,54.57,5341.920093,407.997,2.425615993,
贝宁,2002,1542,39.036,985.2133544,13.508,25.38272928,
安哥拉,2002,408,52.461,2433.804393,1743.504,5.839549975,
埃塞俄比亚,2002,15656,15.118,204.9382059,255,38.69237169,
埃及,2002,3022,42.889,2022.071536,646.9,15.40485616,
阿尔及利亚,2002,21158,61.501,3770.766354,1064.96,9.224782205,
中非,2001,19,37.72,431.6390484,5.184,,
乍得,2001,,21.67,496.484905,459.866,40.2954383,
赞比亚,2001,5447,35.002,973.3639719,145,15.52748224,
乌干达,2001,1746,15.201,427.3467735,151.496,27.85024148,
突尼斯,2001,977,63.818,3088.514094,486.547,9.421826028,
坦桑尼亚,2001,7444,22.674,539.5277921,467.2,25.80028911,
索马里,2001,71,33.617,,0.04,,
苏丹,2001,26264,32.548,1053.686075,574,41.24523701,
斯威士兰,2001,,22.555,3125.293927,28.179,12.09922048,
圣多美和普林西比,2001,2,54.377,844.2271432,3,10.41075267,
塞舌尔,2001,1921,50.646,9559.551957,64.74,2.825866279,
塞内加尔,2001,2387,40.464,1137.438792,31.942,16.34434062,
塞拉利昂,2001,1925,35.867,272.991178,9.836,45.13635404,
尼日利亚,2001,11145,35.669,1429.196527,1277.421,24.47535466,
尼日尔,2001,62,16.26,333.3589188,22.895,40.00701262,
南非,2001,917,57.368,6017.177846,6783.921,3.216383213,
纳米比亚,2001,3097,32.898,3994.537586,365.172,9.900569119,
莫桑比克,2001,3215,29.277,315.1528682,255.435,18.47805759,
摩洛哥,2001,2472,53.662,2095.173958,2807.06,13.19196193,
毛里塔尼亚,2001,3723,38.616,1019.399094,76.7,33.59088589,
毛里求斯,2001,1448,42.559,5806.707348,-25.644,6.147999078,
马里,2001,13151,29.075,621.47664,121.732,32.81360596,
马拉维,2001,348,14.698,363.7551737,39.37,35.28267377,
马达加斯加,2001,2537,27.391,505.572592,93.059,25.73192847,
卢旺达,2001,2854,15.829,345.98341,18.5,37.33609032,
利比亚,2001,241,76.502,8667.563662,-133,,
利比里亚,2001,40,44.673,609.6771791,8.3,76.5335872,
莱索托,2001,1118,20.067,837.1278633,29.68,8.298870587,
肯尼亚,2001,3536,20.239,827.7052299,5.303,27.84926011,
科特迪瓦,2001,1087,43.568,1324.835115,272.68,25.92645228,
科摩罗,2001,45,28.036,1292.748116,1.146,29.37628658,
喀麦隆,2001,1399,46.139,1164.345523,73.285,17.4293321,
津巴布韦,2001,7826,34.17,1464.672049,3.8,15.62707072,
加蓬,2001,333,79.633,10132.76583,-89.091,6.143932582,
加纳,2001,3993,44.601,966.261867,89.3,35.24180012,
几内亚(比绍),2001,2559,36.622,550.039419,0.396,37.507955,
几内亚,2001,4499,31.144,621.9255866,1.68,21.74068348,
吉布提,2001,393,76.578,,3.393,,
刚果(金),2001,1031,35.587,276.1421088,102.222,32.87090402,
刚果(布),2001,817,59.156,2460.474731,77.254,5.799931651,
冈比亚,2001,332,48.775,853.5315918,35.48,25.42563238,
佛得角,2001,138,54.291,2225.41211,12.683,11.41576602,
厄立特里亚,2001,2366,27.455,888.1600962,12.132,15.1638444,
多哥,2001,530,33.356,547.8791885,63.585,33.92963181,
赤道几内亚,2001,523,50.832,8722.732949,940.741,,
布隆迪,2001,315,8.461,228.6603888,-0.002,43.84314206,
布基纳法索,2001,50,18.54,450.4522807,6.267,36.18426187,
博茨瓦纳,2001,5256,54.062,5126.354186,30.682,2.59029062,
贝宁,2001,2334,38.65,970.5902433,43.859,25.04816274,
安哥拉,2001,,51.274,2213.681162,2145.501,8.156377022,
埃塞俄比亚,2001,8410,14.927,207.7527052,349.4,42.34057112,
埃及,2001,1040,42.843,2012.376054,509.9,15.35126847,
阿尔及利亚,2001,9023,60.712,3616.623037,1113.106,9.749231133,
中非,2000,66,37.639,422.4517808,0.889,,
乍得,2000,,21.637,461.8037239,115.172,40.70509403,
赞比亚,2000,3733,34.802,948.7362266,121.7,16.14977346,
乌干达,2000,1905,14.786,418.9780455,180.812,27.50910688,
突尼斯,2000,353,63.432,3001.778028,779.467,10.00635335,
坦桑尼亚,2000,4700,22.309,522.0767884,282,26.20825887,
索马里,2000,,33.247,,0.27,,
苏丹,2000,11466,32.495,1017.287987,392.2,40.68217391,
斯威士兰,2000,,22.686,3117.816353,105.795,12.31597561,
圣多美和普林西比,2000,9,53.424,,3.8,,
塞舌尔,2000,2811,50.433,9790.270772,24.327,2.829248854,
塞内加尔,2000,2776,40.32,1114.076724,62.938,16.86102992,
塞拉利昂,2000,1759,35.626,302.2642656,39.001,55.01416209,
尼日利亚,2000,5504,34.84,1383.666051,1309.665,21.3572413,
尼日尔,2000,493,16.186,322.7778579,8.437,37.83973758,
南非,2000,649,56.891,5937.626086,887.342,2.994745986,
纳米比亚,2000,2326,32.373,4012.053604,186.406,10.97804107,
莫桑比克,2000,1537,29.098,289.2565532,139.3,19.51086676,
摩洛哥,2000,482,53.335,1976.090832,421.962,11.87727963,
毛里塔尼亚,2000,2420,38.091,1026.74912,40.096,34.36617943,
毛里求斯,2000,820,42.67,5663.187297,276.766,5.705010141,
马里,2000,10214,28.356,554.6524026,82.44,32.90186772,
马拉维,2000,548,14.61,392.5245847,39.632,35.66084815,
马达加斯加,2000,1849,27.121,491.8201794,82.953,26.46665002,
卢旺达,2000,1616,14.926,330.8821616,8.1,37.18671378,
利比亚,2000,204,76.387,8963.665837,141,,
利比里亚,2000,160,44.331,614.3123593,20.8,76.07454233,
莱索托,2000,1196,19.548,809.5057241,32.401,7.827134815,
肯尼亚,2000,6110,19.892,819.6154251,110.905,28.72178064,
科特迪瓦,2000,5331,43.155,1355.263698,234.702,24.98911571,
科摩罗,2000,142,28.08,1294.793919,0.094,29.37631994,
喀麦隆,2000,1642,45.542,1145.454854,158.801,16.73646394,
津巴布韦,2000,8692,33.758,1449.042767,23.2,15.66706342,
加蓬,2000,1343,78.879,10160.34445,-42.626,6.213624522,
加纳,2000,1921,43.929,952.1374747,114.9,35.27152196,
几内亚(比绍),2000,2332,36.243,549.8197075,0.702,41.72867143,
几内亚,2000,3634,30.869,612.8158213,9.94,20.98183124,
吉布提,2000,888,76.532,,3.286,,
刚果(金),2000,242,35.122,289.9863199,94.19,31.97235827,
刚果(布),2000,5,58.695,2438.948937,165.904,5.304252999,
冈比亚,2000,36,47.868,832.6815374,43.52,24.53228447,
佛得角,2000,182,53.435,2215.06817,43.446,12.8717827,
厄立特里亚,2000,393,26.587,845.9790947,27.87,12.59042177,
多哥,2000,512,32.907,558.6510032,41.472,30.56164478,
赤道几内亚,2000,513,49.092,5563.386052,154.5,,
布隆迪,2000,75,8.246,229.2061073,11.683,44.10704011,
布基纳法索,2000,31,17.844,434.7633304,23.108,30.78931083,
博茨瓦纳,2000,6358,53.219,5211.073705,61.243,2.794699789,
贝宁,2000,141,38.333,949.7362592,59.737,23.54123399,
安哥拉,2000,315,50.087,2195.630582,878.601,5.664689564,
埃塞俄比亚,2000,4624,14.74,197.4323051,134.64,44.66601795,
埃及,2000,720,42.797,1980.967846,1235.4,15.53807704,
阿尔及利亚,2000,3843,59.919,3557.579333,280.1,8.396391153,
